vocab,tian_level,hsk_level,pinyin,meaning,meaning_mnemonic,reading_mnemonic,components,example_sentences
爱,1,1,ài,,,,,
吧,1,1,ba,,,,,
八,1,1,bā,,,,,
爸爸,1,1,bàba,,,,,
百,1,1,bǎi,,,,,
白天,1,1,báitiān,,,,,
半,1,1,bàn,,,,,
包子,1,1,bāozi,,,,,
杯子,1,1,bēizi,,,,,
本1,1,1,běn,,,,,
边,1,1,biān,,,,,
病,1,1,bìng,,,,,
不,1,1,bù,,,,,
不客气,1,1,bú kèqi,,,,,
不要,1,1,búyào,,,,,
菜,1,1,cài,,,,,
茶,1,1,chá,,,,,
唱,1,1,chàng,,,,,
超市,1,1,chāoshì,,,,,
车,1,1,chē,,,,,
吃,1,1,chī,,,,,
穿,1,1,chuān,,,,,
出租车,1,1,chūzūchē,,,,,
大,1,1,dà,,,,,
打电话,1,1,dǎ diànhuà,,,,,
大家,1,1,dàjiā,,,,,
到,1,1,dào,,,,,
大学,1,1,dàxué,,,,,
大学生,1,1,dàxuéshēng,,,,,
的,1,1,de,,,,,
第,1,1,dì,,,,,
店,1,1,diàn,,,,,
点1,1,1,diǎn,,,,,
电话,1,1,diànhuà,,,,,
电脑,1,1,diànnǎo,,,,,
电视,1,1,diànshì,,,,,
电影,1,1,diànyǐng,,,,,
电影院,1,1,diànyǐngyuàn,,,,,
弟弟,1,1,dìdi,,,,,
东西,1,1,dōngxi,,,,,
都,1,1,dōu,,,,,
读,1,1,dú,,,,,
对,1,1,duì,,,,,
对不起,1,1,duìbuqǐ,,,,,
多,1,1,duō,,,,,
多少,1,1,duōshao,,,,,
读书,1,1,dúshū,,,,,
二,1,1,èr,,,,,
儿子,1,1,érzi,,,,,
饭,1,1,fàn,,,,,
饭店,1,1,fàndiàn,,,,,
房间,1,1,fángjiān,,,,,
非常,1,1,fēicháng,,,,,
飞机,1,1,fēijī,,,,,
分,1,1,fēn,,,,,
分钟,1,1,fēnzhōng,,,,,
高兴,1,1,gāoxìng,,,,,
个,1,1,gè,,,,,
歌,1,1,gē,,,,,
哥哥,1,1,gēge,,,,,
给,1,1,gěi,,,,,
公司,1,1,gōngsī,,,,,
工作,1,1,gōngzuò,,,,,
狗,1,1,gǒu,,,,,
贵,1,1,guì,,,,,
国,1,1,guó,,,,,
还,1,1,hái;huán,,,,,
孩子,1,1,háizi,,,,,
汉语,1,1,hànyǔ,,,,,
汉字,1,1,hànzì,,,,,
号,1,1,hào,,,,,
好,1,1,hǎo,,,,,
好吃,1,1,hǎochī,,,,,
好看,1,1,hǎokàn,,,,,
好听,1,1,hǎotīng,,,,,
好玩儿,1,1,hǎowánr,,,,,
和1,1,1,hé,,,,,
喝,1,1,hē,,,,,
很,1,1,hěn,,,,,
后,1,1,hòu,,,,,
回,1,1,huí,,,,,
会1,1,1,huì,,,,,
火车,1,1,huǒchē,,,,,
几,1,1,jǐ,,,,,
家,1,1,jiā,,,,,
见,1,1,jiàn,,,,,
件,1,1,jiàn,,,,,
叫,1,1,jiào,,,,,
饺子,1,1,jiǎozi,,,,,
家人,1,1,jiārén,,,,,
鸡蛋,1,1,jīdàn,,,,,
姐姐,1,1,jiějie,,,,,
今年,1,1,jīnnián,,,,,
今天,1,1,jīntiān,,,,,
九,1,1,jiǔ,,,,,
觉得,1,1,juéde,,,,,
开,1,1,kāi,,,,,
开车,1,1,kāichē,,,,,
看,1,1,kàn,,,,,
看病,1,1,kànbìng,,,,,
看见,1,1,kànjiàn,,,,,
课,1,1,kè,,,,,
可以,1,1,kěyǐ,,,,,
口,1,1,kǒu,,,,,
块,1,1,kuài,,,,,
来,1,1,lái,,,,,
老师,1,1,lǎoshī,,,,,
了,1,1,le,,,,,
冷,1,1,lěng,,,,,
里,1,1,lǐ,,,,,
两1,1,1,liǎng,,,,,
零,1,1,líng,,,,,
六,1,1,liù,,,,,
吗,1,1,ma,,,,,
卖,1,1,mài,,,,,
买,1,1,mǎi,,,,,
妈妈,1,1,māma,,,,,
忙,1,1,máng,,,,,
猫,1,1,māo,,,,,
没关系,1,1,méi guānxi,,,,,
妹妹,1,1,mèimei,,,,,
没事,1,1,méishì,,,,,
没（有）,1,1,,,,,,
们,1,1,men,,,,,
面包,1,1,miànbāo,,,,,
面条儿,1,1,miàntiáor,,,,,
米饭,1,1,mǐfàn,,,,,
明年,1,1,míngnián,,,,,
明天,1,1,míngtiān,,,,,
名字,1,1,míngzi,,,,,
那,1,1,nà,,,,,
哪,1,1,nǎ,,,,,
那边,1,1,nàbiān,,,,,
那个,1,1,nàge,,,,,
哪个,1,1,nǎge,,,,,
那里,1,1,nàlǐ,,,,,
哪里,1,1,nǎlǐ,,,,,
男,1,1,nán,,,,,
男朋友,1,1,nánpéngyou,,,,,
那儿,1,1,nàr,,,,,
哪儿,1,1,nǎr,,,,,
那些,1,1,nàxiē,,,,,
哪些,1,1,nǎxiē,,,,,
呢,1,1,ne,,,,,
能,1,1,néng,,,,,
你,1,1,nǐ,,,,,
你好,1,1,nǐ hǎo,,,,,
年,1,1,nián,,,,,
你们,1,1,nǐmen,,,,,
您,1,1,nín,,,,,
牛奶,1,1,niúnǎi,,,,,
女,1,1,nǚ,,,,,
女儿,1,1,nǚ'ér,,,,,
女朋友,1,1,nǚpéngyou,,,,,
女士,1,1,nǚshì,,,,,
朋友,1,1,péngyou,,,,,
便宜,1,1,piányi,,,,,
漂亮,1,1,piàoliang,,,,,
苹果,1,1,píngguǒ,,,,,
七,1,1,qī,,,,,
前,1,1,qián,,,,,
钱,1,1,qián,,,,,
千,1,1,qiān,,,,,
起床,1,1,qǐchuáng,,,,,
请,1,1,qǐng,,,,,
请问,1,1,qǐngwèn,,,,,
去,1,1,qù,,,,,
去年,1,1,qùnián,,,,,
热,1,1,rè,,,,,
人,1,1,rén,,,,,
认识,1,1,rènshi,,,,,
日,1,1,rì,,,,,
三,1,1,sān,,,,,
上,1,1,shàng,,,,,
上班,1,1,shàngbān,,,,,
商店,1,1,shāngdiàn,,,,,
上课,1,1,shàngkè,,,,,
上午,1,1,shàngwǔ,,,,,
上学,1,1,shàngxué,,,,,
少,1,1,shǎo,,,,,
谁,1,1,shéi/shuí,,,,,
生病,1,1,shēngbìng,,,,,
什么,1,1,shénme,,,,,
十,1,1,shí,,,,,
事,1,1,shì,,,,,
是,1,1,shì,,,,,
时候,1,1,shíhou,,,,,
时间,1,1,shíjiān,,,,,
手机,1,1,shǒujī,,,,,
书,1,1,shū,,,,,
书店,1,1,shūdiàn,,,,,
睡,1,1,shuì,,,,,
水,1,1,shuǐ,,,,,
水果,1,1,shuǐguǒ,,,,,
睡觉,1,1,shuìjiào,,,,,
说,1,1,shuō,,,,,
说话,1,1,shuōhuà,,,,,
四,1,1,sì,,,,,
岁,1,1,suì,,,,,
他,1,1,tā,,,,,
它,1,1,tā,,,,,
她,1,1,tā,,,,,
太,1,1,tài,,,,,
他们,1,1,tāmen,,,,,
它们,1,1,tāmen,,,,,
她们,1,1,tāmen,,,,,
天,1,1,tiān,,,,,
天气,1,1,tiānqì,,,,,
听,1,1,tīng,,,,,
听见,1,1,tīngjiàn,,,,,
同学,1,1,tóngxué,,,,,
外,1,1,wài,,,,,
外边,1,1,wàibian,,,,,
玩,1,1,wán,,,,,
晚,1,1,wǎn,,,,,
晚饭,1,1,wǎnfàn,,,,,
晚上,1,1,wǎnshang,,,,,
喂1,1,1,wèi,,,,,
问,1,1,wèn,,,,,
问题,1,1,wèntí,,,,,
我,1,1,wǒ,,,,,
我们,1,1,wǒmen,,,,,
五,1,1,wǔ,,,,,
午饭,1,1,wǔfàn,,,,,
下,1,1,xià,,,,,
下雨,1,1,xià yǔ,,,,,
下班,1,1,xiàbān,,,,,
下课,1,1,xiàkè,,,,,
想,1,1,xiǎng,,,,,
先生,1,1,xiānsheng,,,,,
现在,1,1,xiànzài,,,,,
小,1,1,xiǎo,,,,,
小朋友,1,1,xiǎopéngyǒu,,,,,
小时,1,1,xiǎoshí,,,,,
小学,1,1,xiǎoxué,,,,,
小学生,1,1,xiǎoxuéshēng,,,,,
下午,1,1,xiàwǔ,,,,,
写,1,1,xiě,,,,,
些,1,1,xiē,,,,,
谢谢,1,1,xièxie,,,,,
喜欢,1,1,xǐhuan,,,,,
新,1,1,xīn,,,,,
星期,1,1,xīngqī,,,,,
星期日,1,1,xīngqīrì,,,,,
星期天,1,1,xīngqītiān,,,,,
休息,1,1,xiūxi,,,,,
学,1,1,xué,,,,,
雪,1,1,xuě,,,,,
学生,1,1,xuéshēng,,,,,
学习,1,1,xuéxí,,,,,
学校,1,1,xuéxiào,,,,,
要,1,1,yào,,,,,
也,1,1,yě,,,,,
一,1,1,yī,,,,,
一半,1,1,yíbàn,,,,,
一点儿,1,1,yìdiǎnr,,,,,
衣服,1,1,yīfu,,,,,
医生,1,1,yīshēng,,,,,
一下,1,1,yíxià,,,,,
一些,1,1,yìxiē,,,,,
医院,1,1,yīyuàn,,,,,
椅子,1,1,yǐzi,,,,,
有,1,1,yǒu,,,,,
有的,1,1,yǒude,,,,,
有些,1,1,yǒuxiē,,,,,
有（一）点儿,1,1,,,,,,
雨,1,1,yǔ,,,,,
元,1,1,yuán,,,,,
月,1,1,yuè,,,,,
再,1,1,zài,,,,,
在,1,1,zài,,,,,
再见,1,1,zàijiàn,,,,,
早,1,1,zǎo,,,,,
早饭,1,1,zǎofàn,,,,,
早上,1,1,zǎoshang,,,,,
怎么,1,1,zěnme,,,,,
怎么样,1,1,zěnmeyàng,,,,,
找,1,1,zhǎo,,,,,
这,1,1,zhè,,,,,
这边,1,1,zhèbiān,,,,,
这个,1,1,zhège,,,,,
这里,1,1,zhèlǐ,,,,,
真,1,1,zhēn,,,,,
正在,1,1,zhèngzài,,,,,
这儿,1,1,zhèr,,,,,
这些,1,1,zhèxiē,,,,,
只,1,1,zhī;zhǐ,,,,,
知道,1,1,zhīdào,,,,,
中国,1,1,zhōngguó,,,,,
中文,1,1,zhōngwén,,,,,
中午,1,1,zhōngwǔ,,,,,
中学,1,1,zhōngxué,,,,,
中学生,1,1,zhōngxuéshēng,,,,,
住,1,1,zhù,,,,,
桌子,1,1,zhuōzi,,,,,
字,1,1,zì,,,,,
坐,1,1,zuò,,,,,
做,1,1,zuò,,,,,
做饭,1,1,zuò fàn,,,,,
昨天,1,1,zuótiān,,,,,
多,2,2,duō,,,,,
给,2,2,gěi,,,,,
好,2,2,hǎo,,,,,
那,2,2,nà,,,,,
啊,2,2,a,,,,,
爱好,2,2,àihào,,,,,
白色,2,2,báisè,,,,,
班,2,2,bān,,,,,
帮,2,2,bāng,,,,,
帮忙,2,2,bāngmáng,,,,,
包,2,2,bāo,,,,,
本子,2,2,běnzi,,,,,
比,2,2,bǐ,,,,,
笔,2,2,bǐ,,,,,
别1,2,2,bié,,,,,
不好意思,2,2,bù hǎoyìsi,,,,,
不错,2,2,búcuò,,,,,
长,2,2,cháng;zhǎng,,,,,
车站,2,2,chēzhàn,,,,,
出,2,2,chū,,,,,
床,2,2,chuáng,,,,,
出国,2,2,chūguó,,,,,
出来,2,2,chūlái,,,,,
出门,2,2,chūmén,,,,,
出去,2,2,chūqù,,,,,
词,2,2,cí,,,,,
次,2,2,cì,,,,,
从,2,2,cóng,,,,,
从小,2,2,cóngxiǎo,,,,,
错,2,2,cuò,,,,,
打1,2,2,dǎ,,,,,
打车,2,2,dǎchē,,,,,
打开,2,2,dǎkāi,,,,,
但,2,2,dàn,,,,,
但是,2,2,dànshì,,,,,
得,2,2,de;děi,,,,,
地,2,2,de;dì,,,,,
等1,2,2,děng,,,,,
点2,2,2,diǎn,,,,,
地铁,2,2,dìtiě,,,,,
动,2,2,dòng,,,,,
懂,2,2,dǒng,,,,,
饭馆,2,2,fànguǎn,,,,,
飞,2,2,fēi,,,,,
高,2,2,gāo,,,,,
告诉,2,2,gàosu,,,,,
高中,2,2,gāozhōng,,,,,
跟,2,2,gēn,,,,,
个子,2,2,gèzi,,,,,
公交车,2,2,gōngjiāochē,,,,,
过,2,2,guò,,,,,
过,2,2,guò,,,,,
过来,2,2,guòlái,,,,,
过年,2,2,guònián,,,,,
过去1,2,2,guòqù,,,,,
还是,2,2,háishi,,,,,
黑色,2,2,hēisè,,,,,
红茶,2,2,hóngchá,,,,,
红色,2,2,hóngsè,,,,,
后面,2,2,hòumiàn,,,,,
画,2,2,huà,,,,,
花1,2,2,huā,,,,,
花2,2,2,huā,,,,,
坏,2,2,huài,,,,,
回来,2,2,huílái,,,,,
回去,2,2,huíqù,,,,,
间,2,2,jiān,,,,,
教,2,2,jiāo,,,,,
教室,2,2,jiàoshì,,,,,
机场,2,2,jīchǎng,,,,,
记得,2,2,jìde,,,,,
介绍,2,2,jièshào,,,,,
进,2,2,jìn,,,,,
近,2,2,jìn,,,,,
经常,2,2,jīngcháng,,,,,
进来,2,2,jìnlái,,,,,
进去,2,2,jìnqù,,,,,
机票,2,2,jīpiào,,,,,
就,2,2,jiù,,,,,
酒店,2,2,jiǔdiàn,,,,,
咖啡,2,2,kāfēi,,,,,
开始,2,2,kāishǐ,,,,,
开学,2,2,kāixué,,,,,
考,2,2,kǎo,,,,,
考试,2,2,kǎoshì,,,,,
可能,2,2,kěnéng,,,,,
快,2,2,kuài,,,,,
快乐,2,2,kuàilè,,,,,
快要,2,2,kuàiyào,,,,,
裤子,2,2,kùzi,,,,,
篮球,2,2,lánqiú,,,,,
累,2,2,lèi,,,,,
离,2,2,lí,,,,,
里面,2,2,lǐmiàn,,,,,
楼,2,2,lóu,,,,,
路,2,2,lù,,,,,
绿茶,2,2,lǜchá,,,,,
绿色,2,2,lǜsè,,,,,
路上,2,2,lùshang,,,,,
旅游,2,2,lǚyóu,,,,,
慢,2,2,màn,,,,,
每,2,2,měi,,,,,
没意思,2,2,méi yìsi,,,,,
门,2,2,mén,,,,,
门口,2,2,ménkǒu,,,,,
门票,2,2,ménpiào,,,,,
面1,2,2,miàn,,,,,
名,2,2,míng,,,,,
拿,2,2,ná,,,,,
奶茶,2,2,nǎichá,,,,,
奶奶,2,2,nǎinai,,,,,
那么,2,2,nàme,,,,,
男孩儿,2,2,nánháir,,,,,
那样,2,2,nàyàng,,,,,
鸟,2,2,niǎo,,,,,
女孩儿,2,2,nǚháir,,,,,
旁边,2,2,pángbiān,,,,,
跑,2,2,pǎo,,,,,
跑步,2,2,pǎobù,,,,,
票,2,2,piào,,,,,
前面,2,2,qiánmiàn,,,,,
起来,2,2,qǐlái,,,,,
晴,2,2,qíng,,,,,
球,2,2,qiú,,,,,
妻子,2,2,qīzi,,,,,
让,2,2,ràng,,,,,
肉,2,2,ròu,,,,,
商场,2,2,shāngchǎng,,,,,
上来,2,2,shànglái,,,,,
上面,2,2,shàngmiàn,,,,,
上去,2,2,shàngqù,,,,,
上网,2,2,shàngwǎng,,,,,
生日,2,2,shēngrì,,,,,
身体,2,2,shēntǐ,,,,,
时,2,2,shí,,,,,
事情,2,2,shìqing,,,,,
手,2,2,shǒu,,,,,
手表,2,2,shǒubiǎo,,,,,
书包,2,2,shūbāo,,,,,
舒服,2,2,shūfu,,,,,
送,2,2,sòng,,,,,
虽然,2,2,suīrán,,,,,
所以,2,2,suǒyǐ,,,,,
疼,2,2,téng,,,,,
题,2,2,tí,,,,,
踢,2,2,tī,,,,,
条,2,2,tiáo,,,,,
跳舞,2,2,tiàowǔ,,,,,
头,2,2,tóu,,,,,
外国,2,2,wàiguó,,,,,
外面,2,2,wàimiàn,,,,,
完,2,2,wán,,,,,
万,2,2,wàn,,,,,
忘,2,2,wàng,,,,,
往,2,2,wǎng,,,,,
网上,2,2,wǎngshang,,,,,
位,2,2,wèi,,,,,
为什么,2,2,wèi shénme,,,,,
洗,2,2,xǐ,,,,,
下来,2,2,xiàlái,,,,,
下面,2,2,xiàmiàn,,,,,
笑,2,2,xiào,,,,,
小孩儿,2,2,xiǎoháir,,,,,
小时候,2,2,xiǎoshíhou,,,,,
下去,2,2,xiàqù,,,,,
姓,2,2,xìng,,,,,
姓名,2,2,xìngmíng,,,,,
洗手间,2,2,xǐshǒujiān,,,,,
希望,2,2,xīwàng,,,,,
眼睛,2,2,yǎnjing,,,,,
颜色,2,2,yánsè,,,,,
药,2,2,yào,,,,,
药店,2,2,yàodiàn,,,,,
爷爷,2,2,yéye,,,,,
一会儿,2,2,yíhuìr,,,,,
已经,2,2,yǐjīng,,,,,
阴,2,2,yīn,,,,,
因为,2,2,yīnwèi,,,,,
一起,2,2,yìqǐ,,,,,
意思,2,2,yìsi,,,,,
游,2,2,yóu,,,,,
右,2,2,yòu,,,,,
有意思,2,2,yǒu yìsi,,,,,
右边,2,2,yòubian,,,,,
有时（候）,2,2,,,,,,
游泳,2,2,yóuyǒng,,,,,
鱼,2,2,yú,,,,,
远,2,2,yuǎn,,,,,
运动,2,2,yùndòng,,,,,
站1,2,2,zhàn,,,,,
丈夫,2,2,zhàngfu,,,,,
着,2,2,zhe,,,,,
这么,2,2,zhème,,,,,
正,2,2,zhèng,,,,,
这样,2,2,zhèyàng,,,,,
周,2,2,zhōu,,,,,
准备,2,2,zhǔnbèi,,,,,
自己,2,2,zìjǐ,,,,,
走,2,2,zǒu,,,,,
走路,2,2,zǒulù,,,,,
最,2,2,zuì,,,,,
左,2,2,zuǒ,,,,,
左边,2,2,zuǒbian,,,,,
足球,2,2,zúqiú,,,,,
点1,3,3,diǎn,,,,,
分,3,3,fēn,,,,,
回,3,3,huí,,,,,
家,3,3,jiā,,,,,
有些,3,3,yǒuxiē,,,,,
头,3,3,tóu,,,,,
一会儿,3,3,yíhuìr,,,,,
矮,3,3,ǎi,,,,,
爱人,3,3,àiren,,,,,
安静,3,3,ānjìng,,,,,
安全,3,3,ānquán,,,,,
阿姨,3,3,āyí,,,,,
把,3,3,bǎ,,,,,
办,3,3,bàn,,,,,
搬,3,3,bān,,,,,
办法,3,3,bànfǎ,,,,,
办公室,3,3,bàngōngshì,,,,,
帮助,3,3,bāngzhù,,,,,
班级,3,3,bānjí,,,,,
搬家,3,3,bānjiā,,,,,
半天,3,3,bàntiān,,,,,
饱,3,3,bǎo,,,,,
报纸,3,3,bàozhǐ,,,,,
被,3,3,bèi,,,,,
北,3,3,běi,,,,,
北方,3,3,běifāng,,,,,
变,3,3,biàn,,,,,
遍,3,3,biàn,,,,,
变成,3,3,biànchéng,,,,,
变化,3,3,biànhuà,,,,,
表演,3,3,biǎoyǎn,,,,,
别的,3,3,biéde,,,,,
别人,3,3,biérén,,,,,
笔记,3,3,bǐjì,,,,,
比较,3,3,bǐjiào,,,,,
笔记本,3,3,bǐjìběn,,,,,
冰,3,3,bīng,,,,,
冰激凌,3,3,bīngjīlíng,,,,,
病人,3,3,bìngrén,,,,,
宾馆,3,3,bīnguǎn,,,,,
冰箱,3,3,bīngxiāng,,,,,
比如,3,3,bǐrú,,,,,
比赛,3,3,bǐsài,,,,,
必须,3,3,bìxū,,,,,
不同,3,3,bù tóng,,,,,
不但,3,3,búdàn,,,,,
不见,3,3,bújiàn,,,,,
不久,3,3,bùjiǔ,,,,,
不行,3,3,bùxíng,,,,,
不用,3,3,búyòng,,,,,
才1,3,3,cái,,,,,
菜单,3,3,càidān,,,,,
参加,3,3,cānjiā,,,,,
草,3,3,cǎo,,,,,
草地,3,3,cǎodì,,,,,
层,3,3,céng,,,,,
查,3,3,chá,,,,,
差,3,3,chà,,,,,
差不多,3,3,chàbuduō,,,,,
尝,3,3,cháng,,,,,
常,3,3,cháng,,,,,
常见,3,3,cháng jiàn,,,,,
常用,3,3,cháng yòng,,,,,
常常,3,3,chángcháng,,,,,
成绩,3,3,chéngjì,,,,,
城市,3,3,chéngshì,,,,,
衬衫,3,3,chènshān,,,,,
迟到,3,3,chídào,,,,,
船,3,3,chuán,,,,,
出发,3,3,chūfā,,,,,
除了,3,3,chúle,,,,,
春天,3,3,chūntiān,,,,,
出生,3,3,chūshēng,,,,,
出院,3,3,chūyuàn,,,,,
初中,3,3,chūzhōng,,,,,
词典,3,3,cídiǎn,,,,,
聪明,3,3,cōngmíng,,,,,
大概,3,3,dàgài,,,,,
带,3,3,dài,,,,,
蛋糕,3,3,dàngāo,,,,,
当然,3,3,dāngrán,,,,,
担心,3,3,dānxīn,,,,,
到处,3,3,dàochù,,,,,
大人,3,3,dàren,,,,,
打扫,3,3,dǎsǎo,,,,,
打算,3,3,dǎsuàn,,,,,
大小,3,3,dàxiǎo,,,,,
大熊猫,3,3,dàxióngmāo,,,,,
大衣,3,3,dàyī,,,,,
得,3,3,de;děi,,,,,
得到,3,3,dédào,,,,,
得分,3,3,défēn,,,,,
的话,3,3,dehuà,,,,,
得,3,3,de;děi,,,,,
灯,3,3,dēng,,,,,
地,3,3,de;dì,,,,,
电,3,3,diàn,,,,,
电梯,3,3,diàntī,,,,,
电子书,3,3,diànzǐshū,,,,,
地点,3,3,dìdiǎn,,,,,
地方,3,3,dìfang,,,,,
地图,3,3,dìtú,,,,,
丢,3,3,diū,,,,,
东,3,3,dōng,,,,,
东北,3,3,dōngběi,,,,,
懂得,3,3,dǒngde,,,,,
东方,3,3,dōngfāng,,,,,
东南,3,3,dōngnán,,,,,
冬天,3,3,dōngtiān,,,,,
动物,3,3,dòngwù,,,,,
动物园,3,3,dòngwùyuán,,,,,
段,3,3,duàn,,,,,
短,3,3,duǎn,,,,,
短裤,3,3,duǎnkù,,,,,
锻炼,3,3,duànliàn,,,,,
对话,3,3,duìhuà,,,,,
饿,3,3,è,,,,,
耳朵,3,3,ěrduo,,,,,
耳机,3,3,ěrjī,,,,,
而且,3,3,érqiě,,,,,
发,3,3,fā,,,,,
放,3,3,fàng,,,,,
方便,3,3,fāngbiàn,,,,,
方便面,3,3,fāngbiànmiàn,,,,,
方法,3,3,fāngfǎ,,,,,
放假,3,3,fàngjià,,,,,
方向,3,3,fāngxiàng,,,,,
放心,3,3,fàngxīn,,,,,
放学,3,3,fàngxué,,,,,
房子,3,3,fángzi,,,,,
发烧,3,3,fāshāo,,,,,
发生,3,3,fāshēng,,,,,
发现,3,3,fāxiàn,,,,,
发展,3,3,fāzhǎn,,,,,
风,3,3,fēng,,,,,
封,3,3,fēng,,,,,
分开,3,3,fēnkāi,,,,,
附近,3,3,fùjìn,,,,,
夫妻,3,3,fūqī,,,,,
服务,3,3,fúwù,,,,,
复习,3,3,fùxí,,,,,
该1,3,3,gāi,,,,,
干,3,3,gàn,,,,,
感兴趣,3,3,gǎn xìngqù,,,,,
感到,3,3,gǎndào,,,,,
刚,3,3,gāng,,,,,
刚才,3,3,gāngcái,,,,,
刚刚,3,3,gānggāng,,,,,
干净,3,3,gānjìng,,,,,
感冒,3,3,gǎnmào,,,,,
高铁,3,3,gāotiě,,,,,
更,3,3,gèng,,,,,
根据,3,3,gēnjù,,,,,
公斤,3,3,gōngjīn,,,,,
公园,3,3,gōngyuán,,,,,
工作日,3,3,gōngzuòrì,,,,,
刮,3,3,guā,,,,,
关,3,3,guān,,,,,
关机,3,3,guānjī,,,,,
关系,3,3,guānxì,,,,,
关心,3,3,guānxīn,,,,,
关于,3,3,guānyú,,,,,
关注,3,3,guānzhù,,,,,
国家,3,3,guójiā,,,,,
过节,3,3,guòjié,,,,,
过去2,3,3,guòqù,,,,,
故事,3,3,gùshi,,,,,
海,3,3,hǎi,,,,,
害怕,3,3,hàipà,,,,,
好多,3,3,hǎoduō,,,,,
好久,3,3,hǎojiǔ,,,,,
号码,3,3,hàomǎ,,,,,
好像,3,3,hǎoxiàng,,,,,
河,3,3,hé,,,,,
黑板,3,3,hēibǎn,,,,,
合适,3,3,héshì,,,,,
红绿灯,3,3,hóng-lǜdēng,,,,,
后来,3,3,hòulái,,,,,
后年,3,3,hòunián,,,,,
后天,3,3,hòutiān,,,,,
画家,3,3,huàjiā,,,,,
还,3,3,hái;huán,,,,,
换,3,3,huàn,,,,,
黄色,3,3,huángsè,,,,,
环境,3,3,huánjìng,,,,,
欢迎,3,3,huānyíng,,,,,
花园,3,3,huāyuán,,,,,
会2,3,3,huì,,,,,
回答,3,3,huídá,,,,,
会议,3,3,huìyì,,,,,
或,3,3,huò,,,,,
或者,3,3,huòzhě,,,,,
护照,3,3,hùzhào,,,,,
极,3,3,jí,,,,,
急,3,3,jí,,,,,
记,3,3,jì,,,,,
季,3,3,jì,,,,,
鸡,3,3,jī,,,,,
加,3,3,jiā,,,,,
检查,3,3,jiǎnchá,,,,,
坚持,3,3,jiānchí,,,,,
简单,3,3,jiǎndān,,,,,
讲,3,3,jiǎng,,,,,
健康,3,3,jiànkāng,,,,,
见面,3,3,jiànmiàn,,,,,
检票,3,3,jiǎnpiào,,,,,
角,3,3,jiǎo,,,,,
脚,3,3,jiǎo,,,,,
假期,3,3,jiàqī,,,,,
节,3,3,jié,,,,,
借,3,3,jiè,,,,,
接,3,3,jiē,,,,,
街,3,3,jiē,,,,,
结婚,3,3,jiéhūn,,,,,
解决,3,3,jiějué,,,,,
姐妹,3,3,jiěmèi,,,,,
节目,3,3,jiémù,,,,,
节日,3,3,jiérì,,,,,
结束,3,3,jiéshù,,,,,
几乎,3,3,jīhū,,,,,
机会,3,3,jīhuì,,,,,
季节,3,3,jìjié,,,,,
斤,3,3,jīn,,,,,
经过,3,3,jīngguò,,,,,
经理,3,3,jīnglǐ,,,,,
旧,3,3,jiù,,,,,
久,3,3,jiǔ,,,,,
酒,3,3,jiǔ,,,,,
句,3,3,jù,,,,,
决定,3,3,juédìng,,,,,
句子,3,3,jùzi,,,,,
卡,3,3,kǎ,,,,,
开花,3,3,kāihuā,,,,,
开会,3,3,kāihuì,,,,,
开机,3,3,kāijī,,,,,
开心,3,3,kāixīn,,,,,
看来,3,3,kànlái,,,,,
刻,3,3,kè,,,,,
可,3,3,kě,,,,,
渴,3,3,kě,,,,,
可爱,3,3,kě'ài,,,,,
课本,3,3,kèběn,,,,,
客人,3,3,kèrén,,,,,
可是,3,3,kěshì,,,,,
课文,3,3,kèwén,,,,,
空调,3,3,kōngtiáo,,,,,
哭,3,3,kū,,,,,
筷子,3,3,kuàizi,,,,,
矿泉水,3,3,kuàngquánshuǐ,,,,,
来自,3,3,láizì,,,,,
蓝,3,3,lán,,,,,
老,3,3,lǎo,,,,,
老人,3,3,lǎorén,,,,,
练,3,3,liàn,,,,,
脸,3,3,liǎn,,,,,
辆,3,3,liàng,,,,,
凉快,3,3,liángkuai,,,,,
练习,3,3,liànxí,,,,,
聊,3,3,liáo,,,,,
了解,3,3,liǎojiě,,,,,
聊天儿,3,3,liáotiānr,,,,,
离开,3,3,líkāi,,,,,
邻居,3,3,línjū,,,,,
历史,3,3,lìshǐ,,,,,
留学,3,3,liúxué,,,,,
留学生,3,3,liúxuéshēng,,,,,
礼物,3,3,lǐwù,,,,,
楼梯,3,3,lóutī,,,,,
路边,3,3,lùbiān,,,,,
路口,3,3,lùkǒu,,,,,
马,3,3,mǎ,,,,,
马路,3,3,mǎlù,,,,,
满意,3,3,mǎnyì,,,,,
毛,3,3,máo,,,,,
马上,3,3,mǎshàng,,,,,
米,3,3,mǐ,,,,,
面前,3,3,miànqián,,,,,
明白,3,3,míngbai,,,,,
名单,3,3,míngdān,,,,,
名人,3,3,míngrén,,,,,
南,3,3,nán,,,,,
难,3,3,nán,,,,,
南方,3,3,nánfāng,,,,,
难过,3,3,nánguò,,,,,
难看,3,3,nánkàn,,,,,
男人,3,3,nánrén,,,,,
男生,3,3,nánshēng,,,,,
难题,3,3,nántí,,,,,
难听,3,3,nántīng,,,,,
年级,3,3,niánjí,,,,,
年轻,3,3,niánqīng,,,,,
牛,3,3,niú,,,,,
努力,3,3,nǔlì,,,,,
女人,3,3,nǚrén,,,,,
女生,3,3,nǚshēng,,,,,
爬,3,3,pá,,,,,
怕,3,3,pà,,,,,
拍照,3,3,pāizhào,,,,,
胖,3,3,pàng,,,,,
盘子,3,3,pánzi,,,,,
啤酒,3,3,píjiǔ,,,,,
平时,3,3,píngshí,,,,,
瓶子,3,3,píngzi,,,,,
骑,3,3,qí,,,,,
起,3,3,qǐ,,,,,
铅笔,3,3,qiānbǐ,,,,,
前年,3,3,qiánnián,,,,,
前天,3,3,qiántiān,,,,,
汽车,3,3,qìchē,,,,,
起飞,3,3,qǐfēi,,,,,
奇怪,3,3,qíguài,,,,,
清楚,3,3,qīngchu,,,,,
请假,3,3,qǐngjià,,,,,
请客,3,3,qǐngkè,,,,,
其实,3,3,qíshí,,,,,
其他,3,3,qítā,,,,,
球场,3,3,qiúchǎng,,,,,
秋天,3,3,qiūtiān,,,,,
裙子,3,3,qúnzi,,,,,
然后,3,3,ránhòu,,,,,
认得,3,3,rènde,,,,,
认为,3,3,rènwéi,,,,,
认真,3,3,rènzhēn,,,,,
热情,3,3,rèqíng,,,,,
容易,3,3,róngyì,,,,,
如果,3,3,rúguǒ,,,,,
伞,3,3,sǎn,,,,,
扫,3,3,sǎo,,,,,
沙发,3,3,shāfā,,,,,
山,3,3,shān,,,,,
上衣,3,3,shàngyī,,,,,
勺子,3,3,sháozi,,,,,
身边,3,3,shēnbiān,,,,,
声,3,3,shēng,,,,,
身高,3,3,shēngāo,,,,,
生活,3,3,shēnghuó,,,,,
生气,3,3,shēngqì,,,,,
声音,3,3,shēngyīn,,,,,
市,3,3,shì,,,,,
试,3,3,shì,,,,,
室,3,3,shì,,,,,
世界,3,3,shìjiè,,,,,
受,3,3,shòu,,,,,
瘦,3,3,shòu,,,,,
收,3,3,shōu,,,,,
受到,3,3,shòudào,,,,,
收到,3,3,shōudào,,,,,
树,3,3,shù,,,,,
刷,3,3,shuā,,,,,
双,3,3,shuāng,,,,,
水平,3,3,shuǐpíng,,,,,
叔叔,3,3,shūshu,,,,,
数学,3,3,shùxué,,,,,
四季,3,3,sìjì,,,,,
司机,3,3,sījī,,,,,
太阳,3,3,tàiyáng,,,,,
糖,3,3,táng,,,,,
特别,3,3,tèbié,,,,,
甜,3,3,tián,,,,,
跳,3,3,tiào,,,,,
提高,3,3,tígāo,,,,,
挺,3,3,tǐng,,,,,
听说,3,3,tīngshuō,,,,,
体育,3,3,tǐyù,,,,,
体育馆,3,3,tǐyùguǎn,,,,,
同事,3,3,tóngshì,,,,,
同意,3,3,tóngyì,,,,,
头发,3,3,tóufa,,,,,
腿,3,3,tuǐ,,,,,
突然,3,3,tūrán,,,,,
图书馆,3,3,túshūguǎn,,,,,
外地,3,3,wàidì,,,,,
外卖,3,3,wàimài,,,,,
外语,3,3,wàiyǔ,,,,,
碗,3,3,wǎn,,,,,
完成,3,3,wánchéng,,,,,
晚点,3,3,wǎndiǎn,,,,,
忘记,3,3,wàngjì,,,,,
网球,3,3,wǎngqiú,,,,,
网站,3,3,wǎngzhàn,,,,,
晚会,3,3,wǎnhuì,,,,,
为,3,3,wèi,,,,,
为了,3,3,wèile,,,,,
卫生间,3,3,wèishēngjiān,,,,,
文化,3,3,wénhuà,,,,,
屋子,3,3,wūzi,,,,,
西,3,3,xī,,,,,
喜爱,3,3,xǐ'ài,,,,,
先,3,3,xiān,,,,,
向,3,3,xiàng,,,,,
像,3,3,xiàng,,,,,
相机,3,3,xiàngjī,,,,,
香蕉,3,3,xiāngjiāo,,,,,
相信,3,3,xiāngxìn,,,,,
箱子,3,3,xiāngzi,,,,,
小区,3,3,xiǎoqū,,,,,
小心,3,3,xiǎoxīn,,,,,
校园,3,3,xiàoyuán,,,,,
校长,3,3,xiàozhǎng,,,,,
夏天,3,3,xiàtiān,,,,,
西北,3,3,xīběi,,,,,
鞋,3,3,xié,,,,,
西方,3,3,xīfāng,,,,,
西瓜,3,3,xīguā,,,,,
习惯,3,3,xíguàn,,,,,
信,3,3,xìn,,,,,
西南,3,3,xīnán,,,,,
行,3,3,xíng,,,,,
行李,3,3,xíngli,,,,,
兴趣,3,3,xìngqù,,,,,
心里,3,3,xīnlǐ,,,,,
新年,3,3,xīnnián,,,,,
新闻,3,3,xīnwén,,,,,
新鲜,3,3,xīnxiān,,,,,
信用卡,3,3,xìnyòngkǎ,,,,,
休假,3,3,xiūjià,,,,,
洗衣机,3,3,xǐyījī,,,,,
洗澡,3,3,xǐzǎo,,,,,
选,3,3,xuǎn,,,,,
选择,3,3,xuǎnzé,,,,,
学期,3,3,xuéqī,,,,,
需要,3,3,xūyào,,,,,
牙,3,3,yá,,,,,
羊,3,3,yáng,,,,,
养,3,3,yǎng,,,,,
要求,3,3,yāoqiú,,,,,
牙刷,3,3,yáshuā,,,,,
页,3,3,yè,,,,,
一般,3,3,yìbān,,,,,
一边,3,3,yìbiān,,,,,
一定,3,3,yídìng,,,,,
一共,3,3,yígòng,,,,,
以后,3,3,yǐhòu,,,,,
一块儿,3,3,yíkuàir,,,,,
应该,3,3,yīnggāi,,,,,
影响,3,3,yǐngxiǎng,,,,,
银行,3,3,yínháng,,,,,
银行卡,3,3,yínhángkǎ,,,,,
饮料,3,3,yǐnliào,,,,,
音乐,3,3,yīnyuè,,,,,
以前,3,3,yǐqián,,,,,
以上,3,3,yǐshàng,,,,,
以外,3,3,yǐwài,,,,,
以为,3,3,yǐwéi,,,,,
以下,3,3,yǐxià,,,,,
一样,3,3,yíyàng,,,,,
一直,3,3,yìzhí,,,,,
用,3,3,yòng,,,,,
又,3,3,yòu,,,,,
有关,3,3,yǒuguān,,,,,
邮件,3,3,yóujiàn,,,,,
游客,3,3,yóukè,,,,,
有名,3,3,yǒumíng,,,,,
游戏,3,3,yóuxì,,,,,
邮箱,3,3,yóuxiāng,,,,,
有用,3,3,yǒuyòng,,,,,
园,3,3,yuán,,,,,
员,3,3,yuán,,,,,
愿意,3,3,yuànyì,,,,,
遇到,3,3,yùdào,,,,,
越,3,3,yuè,,,,,
月亮,3,3,yuèliang,,,,,
遇见,3,3,yùjiàn,,,,,
羽毛球,3,3,yǔmáoqiú,,,,,
运动会,3,3,yùndònghuì,,,,,
运动员,3,3,yùndòngyuán,,,,,
语言,3,3,yǔyán,,,,,
雨衣,3,3,yǔyī,,,,,
脏,3,3,zāng,,,,,
咱们,3,3,zánmen,,,,,
怎么办,3,3,zěnmebàn,,,,,
怎样,3,3,zěnyàng,,,,,
站2,3,3,zhàn,,,,,
长,3,3,cháng;zhǎng,,,,,
张,3,3,zhāng,,,,,
照,3,3,zhào,,,,,
照顾,3,3,zhàogù,,,,,
着急,3,3,zháojí,,,,,
照片,3,3,zhàopiàn,,,,,
照相,3,3,zhàoxiàng,,,,,
只,3,3,zhī;zhǐ,,,,,
纸,3,3,zhǐ,,,,,
只能,3,3,zhǐ néng,,,,,
直到,3,3,zhídào,,,,,
只是,3,3,zhǐshì,,,,,
只要,3,3,zhǐyào,,,,,
只有,3,3,zhǐyǒu,,,,,
种,3,3,zhǒng,,,,,
中,3,3,zhōng,,,,,
中间,3,3,zhōngjiān,,,,,
重要,3,3,zhòngyào,,,,,
终于,3,3,zhōngyú,,,,,
周末,3,3,zhōumò,,,,,
主要,3,3,zhǔyào,,,,,
注意,3,3,zhùyì,,,,,
住院,3,3,zhùyuàn,,,,,
子,3,3,zi,,,,,
字典,3,3,zìdiǎn,,,,,
自行车,3,3,zìxíngchē,,,,,
总,3,3,zǒng,,,,,
总是,3,3,zǒngshì,,,,,
嘴,3,3,zuǐ,,,,,
最好,3,3,zuìhǎo,,,,,
最后,3,3,zuìhòu,,,,,
最近,3,3,zuìjìn,,,,,
做客,3,3,zuòkè,,,,,
作业,3,3,zuòyè,,,,,
